{
  "category": "animals",
  "models": [
    "vit_base_patch16_224::cls",
    "vit_base_patch16_224::mean_tokens",
    "vit_base_patch16_clip_224.openai::cls",
    "vit_base_patch16_clip_224.openai::mean_tokens"
  ],
  "n_rows": 42,
  "sanity_all_pass": false,
  "n_qualifying_wins": 6,
  "best_retrieval_gain": {
    "category": "animals",
    "split_label": "stored_40_seed_0",
    "split_seed": 0,
    "split_mode": "random_storage_curve",
    "model_name": "vit_base_patch16_224",
    "pooling": "cls",
    "layer": "layer_11",
    "anchor_kind": "retrieval",
    "n_stored": 40,
    "n_probe": 80,
    "chance_accuracy": 2.5,
    "ident_accuracy_baseline": 87.5,
    "ident_avg_margin_baseline": 0.02460562049309443,
    "gen_accuracy_baseline": 52.5,
    "gen_avg_margin_baseline": 0.008371685903052437,
    "gen_avg_retrieved_human_similarity_baseline": 0.7635,
    "gen_avg_human_similarity_regret_baseline": 0.08574999999999999,
    "gen_same_concept_accuracy_baseline": NaN,
    "human_rdm_spearman_baseline": 0.10526401895764113,
    "exact_accuracy_dam": 100.0,
    "clean_reextract_accuracy_dam": 100.0,
    "exact_avg_target_sim_dam": 0.9991001021299288,
    "clean_reextract_avg_target_sim_dam": 0.9990757530052233,
    "ident_accuracy_dam": 90.0,
    "ident_avg_target_sim_dam": 0.48989426507748945,
    "ident_avg_margin_dam": 0.20842916439119374,
    "gen_accuracy_dam": 55.00000000000001,
    "gen_avg_target_sim_dam": 0.40242893021149195,
    "gen_avg_margin_dam": 0.10159480298470229,
    "gen_avg_retrieved_human_similarity_dam": 0.7705,
    "gen_avg_human_similarity_regret_dam": 0.07874999999999999,
    "gen_same_concept_accuracy_dam": 100.0,
    "probe_rdm_spearman_pre": 0.10383836426826253,
    "probe_rdm_spearman_post": 0.24149220120839773,
    "probe_rdm_spearman_delta": 0.13765383694013522,
    "cue_recovered_cosine_mean": 0.9988949523728025,
    "cue_recovered_cosine_std": 0.00015523370115126404,
    "cue_displacement_mean": 0.0011050476271975362,
    "target_pull_gain_mean": 0.0010874865313683485,
    "target_pull_gain_std": 0.0017040982807166455,
    "gen_winners_dam": [
      8,
      0,
      36,
      14,
      15,
      6,
      15,
      6,
      18,
      29,
      6,
      0,
      32,
      8,
      27,
      27,
      31,
      35,
      5,
      14,
      19,
      28,
      10,
      34,
      28,
      0,
      11,
      36,
      14,
      21,
      8,
      0,
      0,
      38,
      39,
      33,
      2,
      39,
      27,
      32,
      38,
      9,
      14,
      32,
      4,
      32,
      27,
      4,
      6,
      19,
      5,
      0,
      38,
      13,
      27,
      4,
      38,
      14,
      16,
      29,
      38,
      15,
      14,
      0,
      36,
      6,
      0,
      38,
      28,
      38,
      8,
      20,
      0,
      32,
      0,
      15,
      2,
      27,
      38,
      4
    ],
    "ident_accuracy_delta": 2.5,
    "gen_accuracy_delta": 2.500000000000007,
    "gen_avg_margin_delta": 0.09322311708164985,
    "gen_avg_human_similarity_regret_delta": -0.007000000000000006,
    "qualifying_win": true,
    "dam_stage": "A",
    "dam_n": 2,
    "dam_beta": 0.05,
    "dam_alpha": 0.05,
    "dam_lmbda": 0.0,
    "dam_steps_multiplier": 1
  },
  "best_alignment_preserving_gain": {
    "category": "animals",
    "split_label": "stored_40_seed_0",
    "split_seed": 0,
    "split_mode": "random_storage_curve",
    "model_name": "vit_base_patch16_224",
    "pooling": "cls",
    "layer": "layer_11",
    "anchor_kind": "retrieval",
    "n_stored": 40,
    "n_probe": 80,
    "chance_accuracy": 2.5,
    "ident_accuracy_baseline": 87.5,
    "ident_avg_margin_baseline": 0.02460562049309443,
    "gen_accuracy_baseline": 52.5,
    "gen_avg_margin_baseline": 0.008371685903052437,
    "gen_avg_retrieved_human_similarity_baseline": 0.7635,
    "gen_avg_human_similarity_regret_baseline": 0.08574999999999999,
    "gen_same_concept_accuracy_baseline": NaN,
    "human_rdm_spearman_baseline": 0.10526401895764113,
    "exact_accuracy_dam": 100.0,
    "clean_reextract_accuracy_dam": 100.0,
    "exact_avg_target_sim_dam": 0.9991001021299288,
    "clean_reextract_avg_target_sim_dam": 0.9990757530052233,
    "ident_accuracy_dam": 90.0,
    "ident_avg_target_sim_dam": 0.48989426507748945,
    "ident_avg_margin_dam": 0.20842916439119374,
    "gen_accuracy_dam": 55.00000000000001,
    "gen_avg_target_sim_dam": 0.40242893021149195,
    "gen_avg_margin_dam": 0.10159480298470229,
    "gen_avg_retrieved_human_similarity_dam": 0.7705,
    "gen_avg_human_similarity_regret_dam": 0.07874999999999999,
    "gen_same_concept_accuracy_dam": 100.0,
    "probe_rdm_spearman_pre": 0.10383836426826253,
    "probe_rdm_spearman_post": 0.24149220120839773,
    "probe_rdm_spearman_delta": 0.13765383694013522,
    "cue_recovered_cosine_mean": 0.9988949523728025,
    "cue_recovered_cosine_std": 0.00015523370115126404,
    "cue_displacement_mean": 0.0011050476271975362,
    "target_pull_gain_mean": 0.0010874865313683485,
    "target_pull_gain_std": 0.0017040982807166455,
    "gen_winners_dam": [
      8,
      0,
      36,
      14,
      15,
      6,
      15,
      6,
      18,
      29,
      6,
      0,
      32,
      8,
      27,
      27,
      31,
      35,
      5,
      14,
      19,
      28,
      10,
      34,
      28,
      0,
      11,
      36,
      14,
      21,
      8,
      0,
      0,
      38,
      39,
      33,
      2,
      39,
      27,
      32,
      38,
      9,
      14,
      32,
      4,
      32,
      27,
      4,
      6,
      19,
      5,
      0,
      38,
      13,
      27,
      4,
      38,
      14,
      16,
      29,
      38,
      15,
      14,
      0,
      36,
      6,
      0,
      38,
      28,
      38,
      8,
      20,
      0,
      32,
      0,
      15,
      2,
      27,
      38,
      4
    ],
    "ident_accuracy_delta": 2.5,
    "gen_accuracy_delta": 2.500000000000007,
    "gen_avg_margin_delta": 0.09322311708164985,
    "gen_avg_human_similarity_regret_delta": -0.007000000000000006,
    "qualifying_win": true,
    "dam_stage": "A",
    "dam_n": 2,
    "dam_beta": 0.05,
    "dam_alpha": 0.05,
    "dam_lmbda": 0.0,
    "dam_steps_multiplier": 1
  },
  "best_qualifying_win": {
    "category": "animals",
    "split_label": "stored_40_seed_0",
    "split_seed": 0,
    "split_mode": "random_storage_curve",
    "model_name": "vit_base_patch16_224",
    "pooling": "cls",
    "layer": "layer_11",
    "anchor_kind": "retrieval",
    "n_stored": 40,
    "n_probe": 80,
    "chance_accuracy": 2.5,
    "ident_accuracy_baseline": 87.5,
    "ident_avg_margin_baseline": 0.02460562049309443,
    "gen_accuracy_baseline": 52.5,
    "gen_avg_margin_baseline": 0.008371685903052437,
    "gen_avg_retrieved_human_similarity_baseline": 0.7635,
    "gen_avg_human_similarity_regret_baseline": 0.08574999999999999,
    "gen_same_concept_accuracy_baseline": NaN,
    "human_rdm_spearman_baseline": 0.10526401895764113,
    "exact_accuracy_dam": 100.0,
    "clean_reextract_accuracy_dam": 100.0,
    "exact_avg_target_sim_dam": 0.9991001021299288,
    "clean_reextract_avg_target_sim_dam": 0.9990757530052233,
    "ident_accuracy_dam": 90.0,
    "ident_avg_target_sim_dam": 0.48989426507748945,
    "ident_avg_margin_dam": 0.20842916439119374,
    "gen_accuracy_dam": 55.00000000000001,
    "gen_avg_target_sim_dam": 0.40242893021149195,
    "gen_avg_margin_dam": 0.10159480298470229,
    "gen_avg_retrieved_human_similarity_dam": 0.7705,
    "gen_avg_human_similarity_regret_dam": 0.07874999999999999,
    "gen_same_concept_accuracy_dam": 100.0,
    "probe_rdm_spearman_pre": 0.10383836426826253,
    "probe_rdm_spearman_post": 0.24149220120839773,
    "probe_rdm_spearman_delta": 0.13765383694013522,
    "cue_recovered_cosine_mean": 0.9988949523728025,
    "cue_recovered_cosine_std": 0.00015523370115126404,
    "cue_displacement_mean": 0.0011050476271975362,
    "target_pull_gain_mean": 0.0010874865313683485,