{
  "category": "fruits",
  "models": [
    "vit_base_patch16_224::cls",
    "vit_base_patch16_224::mean_tokens",
    "vit_base_patch16_clip_224.openai::cls",
    "vit_base_patch16_clip_224.openai::mean_tokens"
  ],
  "n_rows": 108,
  "sanity_all_pass": false,
  "n_qualifying_wins": 0,
  "best_retrieval_gain": {
    "category": "fruits",
    "split_label": "fold_2",
    "split_seed": 2,
    "split_mode": "balanced_exemplar_folds",
    "model_name": "vit_base_patch16_clip_224.openai",
    "pooling": "mean_tokens",
    "layer": "layer_11",
    "anchor_kind": "retrieval",
    "n_stored": 80,
    "n_probe": 40,
    "chance_accuracy": 1.25,
    "ident_accuracy_baseline": 22.5,
    "ident_avg_margin_baseline": -0.01601997308168145,
    "gen_accuracy_baseline": 37.5,
    "gen_avg_margin_baseline": -0.012203212100078192,
    "gen_avg_retrieved_human_similarity_baseline": 0.6376666675,
    "gen_avg_human_similarity_regret_baseline": 0.1771388875,
    "gen_same_concept_accuracy_baseline": 47.5,
    "human_rdm_spearman_baseline": 0.48125634610292334,
    "exact_accuracy_dam": 100.0,
    "clean_reextract_accuracy_dam": 100.0,
    "exact_avg_target_sim_dam": 0.9984294871840043,
    "clean_reextract_avg_target_sim_dam": 0.9983853750120005,
    "ident_accuracy_dam": 25.0,
    "ident_avg_target_sim_dam": 0.2737547801840384,
    "ident_avg_margin_dam": -0.0997305801085378,
    "gen_accuracy_dam": 45.0,
    "gen_avg_target_sim_dam": 0.4001182213745117,
    "gen_avg_margin_dam": -0.05579538157567079,
    "gen_avg_retrieved_human_similarity_dam": 0.6505833325,
    "gen_avg_human_similarity_regret_dam": 0.16422222250000001,
    "gen_same_concept_accuracy_dam": 50.0,
    "probe_rdm_spearman_pre": 0.5124909221620134,
    "probe_rdm_spearman_post": 0.3547993005577802,
    "probe_rdm_spearman_delta": -0.15769162160423322,
    "cue_recovered_cosine_mean": 0.9980061053021758,
    "cue_recovered_cosine_std": 0.0002639648736649404,
    "cue_displacement_mean": 0.0019938946978241196,
    "target_pull_gain_mean": 0.004102396383953761,
    "target_pull_gain_std": 0.004600204388342883,
    "gen_winners_dam": [
      1,
      3,
      4,
      7,
      62,
      11,
      13,
      14,
      15,
      19,
      9,
      2,
      24,
      16,
      28,
      31,
      32,
      24,
      11,
      38,
      41,
      76,
      53,
      40,
      48,
      10,
      52,
      20,
      69,
      61,
      59,
      5,
      64,
      16,
      61,
      27,
      44,
      75,
      76,
      78
    ],
    "ident_accuracy_delta": 2.5,
    "gen_accuracy_delta": 7.5,
    "gen_avg_margin_delta": -0.04359216947559259,
    "gen_avg_human_similarity_regret_delta": -0.012916664999999994,
    "qualifying_win": false,
    "dam_stage": "A",
    "dam_n": 2,
    "dam_beta": 0.05,
    "dam_alpha": 0.05,
    "dam_lmbda": 0.0,
    "dam_steps_multiplier": 2
  },
  "best_alignment_preserving_gain": {
    "category": "fruits",
    "split_label": "fold_2",
    "split_seed": 2,
    "split_mode": "balanced_exemplar_folds",
    "model_name": "vit_base_patch16_clip_224.openai",
    "pooling": "mean_tokens",
    "layer": "layer_11",
    "anchor_kind": "retrieval",
    "n_stored": 80,
    "n_probe": 40,
    "chance_accuracy": 1.25,
    "ident_accuracy_baseline": 22.5,
    "ident_avg_margin_baseline": -0.01601997308168145,
    "gen_accuracy_baseline": 37.5,
    "gen_avg_margin_baseline": -0.012203212100078192,
    "gen_avg_retrieved_human_similarity_baseline": 0.6376666675,
    "gen_avg_human_similarity_regret_baseline": 0.1771388875,
    "gen_same_concept_accuracy_baseline": 47.5,
    "human_rdm_spearman_baseline": 0.48125634610292334,
    "exact_accuracy_dam": 100.0,
    "clean_reextract_accuracy_dam": 100.0,
    "exact_avg_target_sim_dam": 0.9969425985378312,
    "clean_reextract_avg_target_sim_dam": 0.9969575604634192,
    "ident_accuracy_dam": 25.0,
    "ident_avg_target_sim_dam": 0.27223779275734394,
    "ident_avg_margin_dam": -0.10213663418263948,
    "gen_accuracy_dam": 45.0,
    "gen_avg_target_sim_dam": 0.40004907127870826,
    "gen_avg_margin_dam": -0.05575591823979661,
    "gen_avg_retrieved_human_similarity_dam": 0.6505833325,
    "gen_avg_human_similarity_regret_dam": 0.16422222250000001,
    "gen_same_concept_accuracy_dam": 50.0,
    "probe_rdm_spearman_pre": 0.5124909221620134,
    "probe_rdm_spearman_post": 0.3552464577767071,
    "probe_rdm_spearman_delta": -0.15724446438530632,
    "cue_recovered_cosine_mean": 0.9961892916722157,
    "cue_recovered_cosine_std": 0.00047641766637075114,
    "cue_displacement_mean": 0.003810708327784315,
    "target_pull_gain_mean": 0.0040332411271467705,
    "target_pull_gain_std": 0.004975602447898033,
    "gen_winners_dam": [
      1,
      3,
      4,
      7,
      62,
      11,
      13,
      14,
      15,
      19,
      9,
      2,
      24,
      16,
      28,
      31,
      32,
      24,
      11,
      38,
      41,
      76,
      53,
      40,
      48,
      10,
      52,
      20,
      69,
      61,
      59,
      5,
      64,
      16,
      61,
      27,
      44,
      75,
      76,
      78
    ],
    "ident_accuracy_delta": 2.5,
    "gen_accuracy_delta": 7.5,
    "gen_avg_margin_delta": -0.043552706139718414,
    "gen_avg_human_similarity_regret_delta": -0.012916664999999994,
    "qualifying_win": false,
    "dam_stage": "A",
    "dam_n": 2,
    "dam_beta": 0.05,
    "dam_alpha": 0.1,
    "dam_lmbda": 0.0,
    "dam_steps_multiplier": 1
  },
  "best_qualifying_win": null
}