{
  "category": "vegetables",
  "models": [
    "vit_base_patch16_224::cls",
    "vit_base_patch16_224::mean_tokens",
    "vit_base_patch16_clip_224.openai::cls",
    "vit_base_patch16_clip_224.openai::mean_tokens"
  ],
  "n_rows": 108,
  "sanity_all_pass": false,
  "n_qualifying_wins": 0,
  "best_retrieval_gain": {
    "category": "vegetables",
    "split_label": "fold_2",
    "split_seed": 2,
    "split_mode": "balanced_exemplar_folds",
    "model_name": "vit_base_patch16_224",
    "pooling": "mean_tokens",
    "layer": "layer_6",
    "anchor_kind": "alignment",
    "n_stored": 78,
    "n_probe": 39,
    "chance_accuracy": 1.2820512820512822,
    "ident_accuracy_baseline": 88.46153846153845,
    "ident_avg_margin_baseline": 0.04305061224437223,
    "gen_accuracy_baseline": 17.94871794871795,
    "gen_avg_margin_baseline": -0.04588698263029746,
    "gen_avg_retrieved_human_similarity_baseline": 0.4982051282051282,
    "gen_avg_human_similarity_regret_baseline": 0.3241025641025641,
    "gen_same_concept_accuracy_baseline": 33.33333333333333,
    "human_rdm_spearman_baseline": 0.46154232330192874,
    "exact_accuracy_dam": 100.0,
    "clean_reextract_accuracy_dam": 100.0,
    "exact_avg_target_sim_dam": 0.999236346529379,
    "clean_reextract_avg_target_sim_dam": 0.9992174200554995,
    "ident_accuracy_dam": 62.82051282051282,
    "ident_avg_target_sim_dam": 0.36759657974189885,
    "ident_avg_margin_dam": 0.021541227723587932,
    "gen_accuracy_dam": 28.205128205128204,
    "gen_avg_target_sim_dam": 0.33698515112812255,
    "gen_avg_margin_dam": -0.11420733642617656,
    "gen_avg_retrieved_human_similarity_dam": 0.5948717948717949,
    "gen_avg_human_similarity_regret_dam": 0.22743589743589745,
    "gen_same_concept_accuracy_dam": 51.28205128205128,
    "probe_rdm_spearman_pre": 0.4112057122846075,
    "probe_rdm_spearman_post": 0.49410480459109135,
    "probe_rdm_spearman_delta": 0.08289909230648385,
    "cue_recovered_cosine_mean": 0.9989912950795747,
    "cue_recovered_cosine_std": 0.0002206170826127601,
    "cue_displacement_mean": 0.0010087049204252972,
    "target_pull_gain_mean": 0.002448223662210523,
    "target_pull_gain_std": 0.0034506943546057647,
    "gen_winners_dam": [
      63,
      2,
      45,
      66,
      8,
      10,
      12,
      15,
      16,
      19,
      21,
      41,
      25,
      26,
      28,
      31,
      32,
      45,
      37,
      38,
      50,
      67,
      14,
      46,
      45,
      64,
      64,
      54,
      57,
      58,
      9,
      61,
      56,
      37,
      29,
      38,
      11,
      50,
      76
    ],
    "ident_accuracy_delta": -25.641025641025635,
    "gen_accuracy_delta": 10.256410256410255,
    "gen_avg_margin_delta": -0.0683203537958791,
    "gen_avg_human_similarity_regret_delta": -0.09666666666666665,
    "qualifying_win": false,
    "dam_stage": "A",
    "dam_n": 2,
    "dam_beta": 0.05,
    "dam_alpha": 0.05,
    "dam_lmbda": 0.0,
    "dam_steps_multiplier": 1
  },
  "best_alignment_preserving_gain": {
    "category": "vegetables",
    "split_label": "fold_2",
    "split_seed": 2,
    "split_mode": "balanced_exemplar_folds",
    "model_name": "vit_base_patch16_224",
    "pooling": "mean_tokens",
    "layer": "layer_6",
    "anchor_kind": "alignment",
    "n_stored": 78,
    "n_probe": 39,
    "chance_accuracy": 1.2820512820512822,
    "ident_accuracy_baseline": 88.46153846153845,
    "ident_avg_margin_baseline": 0.04305061224437223,
    "gen_accuracy_baseline": 17.94871794871795,
    "gen_avg_margin_baseline": -0.04588698263029746,
    "gen_avg_retrieved_human_similarity_baseline": 0.4982051282051282,
    "gen_avg_human_similarity_regret_baseline": 0.3241025641025641,
    "gen_same_concept_accuracy_baseline": 33.33333333333333,
    "human_rdm_spearman_baseline": 0.46154232330192874,
    "exact_accuracy_dam": 100.0,
    "clean_reextract_accuracy_dam": 100.0,
    "exact_avg_target_sim_dam": 0.999236346529379,
    "clean_reextract_avg_target_sim_dam": 0.9992174200554995,
    "ident_accuracy_dam": 62.82051282051282,
    "ident_avg_target_sim_dam": 0.36759657974189885,
    "ident_avg_margin_dam": 0.021541227723587932,
    "gen_accuracy_dam": 28.205128205128204,
    "gen_avg_target_sim_dam": 0.33698515112812255,
    "gen_avg_margin_dam": -0.11420733642617656,
    "gen_avg_retrieved_human_similarity_dam": 0.5948717948717949,
    "gen_avg_human_similarity_regret_dam": 0.22743589743589745,
    "gen_same_concept_accuracy_dam": 51.28205128205128,
    "probe_rdm_spearman_pre": 0.4112057122846075,
    "probe_rdm_spearman_post": 0.49410480459109135,
    "probe_rdm_spearman_delta": 0.08289909230648385,
    "cue_recovered_cosine_mean": 0.9989912950795747,
    "cue_recovered_cosine_std": 0.0002206170826127601,
    "cue_displacement_mean": 0.0010087049204252972,
    "target_pull_gain_mean": 0.002448223662210523,
    "target_pull_gain_std": 0.0034506943546057647,
    "gen_winners_dam": [
      63,
      2,
      45,
      66,
      8,
      10,
      12,
      15,
      16,
      19,
      21,
      41,
      25,
      26,
      28,
      31,
      32,
      45,
      37,
      38,
      50,
      67,
      14,
      46,
      45,
      64,
      64,
      54,
      57,
      58,
      9,
      61,
      56,
      37,
      29,
      38,
      11,
      50,
      76
    ],
    "ident_accuracy_delta": -25.641025641025635,
    "gen_accuracy_delta": 10.256410256410255,
    "gen_avg_margin_delta": -0.0683203537958791,
    "gen_avg_human_similarity_regret_delta": -0.09666666666666665,
    "qualifying_win": false,
    "dam_stage": "A",
    "dam_n": 2,
    "dam_beta": 0.05,
    "dam_alpha": 0.05,
    "dam_lmbda": 0.0,
    "dam_steps_multiplier": 1
  },
  "best_qualifying_win": null
}