{
  "category": "animals",
  "models": [
    "vit_base_patch16_224::cls",
    "vit_base_patch16_224::mean_tokens"
  ],
  "n_rows": 40,
  "sanity_all_pass": false,
  "n_qualifying_wins": 12,
  "best_retrieval_gain": {
    "category": "animals",
    "split_label": "stored_40_seed_3",
    "split_seed": 3,
    "split_mode": "random_storage_curve",
    "model_name": "vit_base_patch16_224",
    "pooling": "cls",
    "layer": "layer_11",
    "anchor_kind": "retrieval",
    "n_stored": 40,
    "n_probe": 80,
    "chance_accuracy": 2.5,
    "ident_accuracy_baseline": 67.5,
    "ident_avg_margin_baseline": 0.022158421576023102,
    "gen_accuracy_baseline": 56.25,
    "gen_avg_margin_baseline": 0.0074663408100605014,
    "gen_avg_retrieved_human_similarity_baseline": 0.7073750000000001,
    "gen_avg_human_similarity_regret_baseline": 0.14875,
    "gen_same_concept_accuracy_baseline": NaN,
    "human_rdm_spearman_baseline": 0.10526300797867469,
    "exact_accuracy_dam": 100.0,
    "clean_reextract_accuracy_dam": 100.0,
    "exact_avg_target_sim_dam": 0.999063429236412,
    "clean_reextract_avg_target_sim_dam": 0.9990695655345917,
    "ident_accuracy_dam": 95.0,
    "ident_avg_target_sim_dam": 0.45549558866769074,
    "ident_avg_margin_dam": 0.21591768711805343,
    "gen_accuracy_dam": 67.5,
    "gen_avg_target_sim_dam": 0.4300182806502562,
    "gen_avg_margin_dam": 0.12467177782091313,
    "gen_avg_retrieved_human_similarity_dam": 0.7725,
    "gen_avg_human_similarity_regret_dam": 0.08362499999999999,
    "gen_same_concept_accuracy_dam": 100.0,
    "probe_rdm_spearman_pre": 0.08952665405488827,
    "probe_rdm_spearman_post": 0.23641832082516595,
    "probe_rdm_spearman_delta": 0.14689166677027768,
    "cue_recovered_cosine_mean": 0.9988634153689514,
    "cue_recovered_cosine_std": 0.00016554006303103354,
    "cue_displacement_mean": 0.0011365846310485122,
    "target_pull_gain_mean": 0.0007383063645467339,
    "target_pull_gain_std": 0.0016374646497821284,
    "gen_winners_dam": [
      39,
      21,
      32,
      26,
      29,
      9,
      36,
      19,
      13,
      25,
      12,
      19,
      4,
      13,
      14,
      18,
      32,
      24,
      23,
      19,
      12,
      18,
      3,
      18,
      7,
      13,
      18,
      3,
      10,
      31,
      16,
      24,
      12,
      3,
      24,
      39,
      38,
      19,
      20,
      38,
      8,
      36,
      23,
      7,
      38,
      19,
      9,
      21,
      29,
      19,
      31,
      10,
      22,
      12,
      21,
      16,
      15,
      3,
      6,
      32,
      18,
      23,
      24,
      7,
      4,
      2,
      19,
      13,
      3,
      8,
      38,
      16,
      14,
      9,
      38,
      11,
      10,
      21,
      8,
      12
    ],
    "ident_accuracy_delta": 27.5,
    "gen_accuracy_delta": 11.25,
    "gen_avg_margin_delta": 0.11720543701085262,
    "gen_avg_human_similarity_regret_delta": -0.065125,
    "qualifying_win": true,
    "dam_stage": "A",
    "dam_n": 2,
    "dam_beta": 0.05,
    "dam_alpha": 0.05,
    "dam_lmbda": 0.0,
    "dam_steps_multiplier": 1
  },
  "best_alignment_preserving_gain": {
    "category": "animals",
    "split_label": "stored_40_seed_3",
    "split_seed": 3,
    "split_mode": "random_storage_curve",
    "model_name": "vit_base_patch16_224",
    "pooling": "cls",
    "layer": "layer_11",
    "anchor_kind": "retrieval",
    "n_stored": 40,
    "n_probe": 80,
    "chance_accuracy": 2.5,
    "ident_accuracy_baseline": 67.5,
    "ident_avg_margin_baseline": 0.022158421576023102,
    "gen_accuracy_baseline": 56.25,
    "gen_avg_margin_baseline": 0.0074663408100605014,
    "gen_avg_retrieved_human_similarity_baseline": 0.7073750000000001,
    "gen_avg_human_similarity_regret_baseline": 0.14875,
    "gen_same_concept_accuracy_baseline": NaN,
    "human_rdm_spearman_baseline": 0.10526300797867469,
    "exact_accuracy_dam": 100.0,
    "clean_reextract_accuracy_dam": 100.0,
    "exact_avg_target_sim_dam": 0.999063429236412,
    "clean_reextract_avg_target_sim_dam": 0.9990695655345917,
    "ident_accuracy_dam": 95.0,
    "ident_avg_target_sim_dam": 0.45549558866769074,
    "ident_avg_margin_dam": 0.21591768711805343,
    "gen_accuracy_dam": 67.5,
    "gen_avg_target_sim_dam": 0.4300182806502562,
    "gen_avg_margin_dam": 0.12467177782091313,
    "gen_avg_retrieved_human_similarity_dam": 0.7725,
    "gen_avg_human_similarity_regret_dam": 0.08362499999999999,
    "gen_same_concept_accuracy_dam": 100.0,
    "probe_rdm_spearman_pre": 0.08952665405488827,
    "probe_rdm_spearman_post": 0.23641832082516595,
    "probe_rdm_spearman_delta": 0.14689166677027768,
    "cue_recovered_cosine_mean": 0.9988634153689514,
    "cue_recovered_cosine_std": 0.00016554006303103354,
    "cue_displacement_mean": 0.0011365846310485122,
    "target_pull_gain_mean": 0.0007383063645467339,
    "target_pull_gain_std": 0.0016374646497821284,
    "gen_winners_dam": [
      39,
      21,
      32,
      26,
      29,
      9,
      36,
      19,
      13,
      25,
      12,
      19,
      4,
      13,
      14,
      18,
      32,
      24,
      23,
      19,
      12,
      18,
      3,
      18,
      7,
      13,
      18,
      3,
      10,
      31,
      16,
      24,
      12,
      3,
      24,
      39,
      38,
      19,
      20,
      38,
      8,
      36,
      23,
      7,
      38,
      19,
      9,
      21,
      29,
      19,
      31,
      10,
      22,
      12,
      21,
      16,
      15,
      3,
      6,
      32,
      18,
      23,
      24,
      7,
      4,
      2,
      19,
      13,
      3,
      8,
      38,
      16,
      14,
      9,
      38,
      11,
      10,
      21,
      8,
      12
    ],
    "ident_accuracy_delta": 27.5,
    "gen_accuracy_delta": 11.25,
    "gen_avg_margin_delta": 0.11720543701085262,
    "gen_avg_human_similarity_regret_delta": -0.065125,
    "qualifying_win": true,
    "dam_stage": "A",
    "dam_n": 2,
    "dam_beta": 0.05,
    "dam_alpha": 0.05,
    "dam_lmbda": 0.0,
    "dam_steps_multiplier": 1
  },
  "best_qualifying_win": {
    "category": "animals",
    "split_label": "stored_40_seed_3",
    "split_seed": 3,
    "split_mode": "random_storage_curve",
    "model_name": "vit_base_patch16_224",
    "pooling": "cls",
    "layer": "layer_11",
    "anchor_kind": "retrieval",
    "n_stored": 40,
    "n_probe": 80,
    "chance_accuracy": 2.5,
    "ident_accuracy_baseline": 67.5,
    "ident_avg_margin_baseline": 0.022158421576023102,
    "gen_accuracy_baseline": 56.25,
    "gen_avg_margin_baseline": 0.0074663408100605014,
    "gen_avg_retrieved_human_similarity_baseline": 0.7073750000000001,
    "gen_avg_human_similarity_regret_baseline": 0.14875,
    "gen_same_concept_accuracy_baseline": NaN,
    "human_rdm_spearman_baseline": 0.10526300797867469,
    "exact_accuracy_dam": 100.0,
    "clean_reextract_accuracy_dam": 100.0,
    "exact_avg_target_sim_dam": 0.999063429236412,
    "clean_reextract_avg_target_sim_dam": 0.9990695655345917,
    "ident_accuracy_dam": 95.0,
    "ident_avg_target_sim_dam": 0.45549558866769074,
    "ident_avg_margin_dam": 0.21591768711805343,
    "gen_accuracy_dam": 67.5,
    "gen_avg_target_sim_dam": 0.4300182806502562,
    "gen_avg_margin_dam": 0.12467177782091313,
    "gen_avg_retrieved_human_similarity_dam": 0.7725,
    "gen_avg_human_similarity_regret_dam": 0.08362499999999999,
    "gen_same_concept_accuracy_dam": 100.0,
    "probe_rdm_spearman_pre": 0.08952665405488827,
    "probe_rdm_spearman_post": 0.23641832082516595,
    "probe_rdm_spearman_delta": 0.14689166677027768,
    "cue_recovered_cosine_mean": 0.9988634153689514,
    "cue_recovered_cosine_std": 0.00016554006303103354,
    "cue_displacement_mean": 0.0011365846310485122,
    "target_pull_gain_mean": 0.0007383063645467339,
    "target_pull_gain_std": 0.0016374646497821284,