{
  "category": "animals",
  "models": [
    "vit_base_patch16_224::cls",
    "vit_base_patch16_224::mean_tokens",
    "vit_base_patch16_clip_224.openai::cls",
    "vit_base_patch16_clip_224.openai::mean_tokens"
  ],
  "n_rows": 3360,
  "sanity_all_pass": false,
  "n_qualifying_wins": 630,
  "best_retrieval_gain": {
    "category": "animals",
    "split_label": "stored_40_seed_3",
    "split_seed": 3,
    "split_mode": "random_storage_curve",
    "model_name": "vit_base_patch16_224",
    "pooling": "cls",
    "layer": "layer_11",
    "anchor_kind": "retrieval",
    "n_stored": 40,
    "n_probe": 80,
    "chance_accuracy": 2.5,
    "ident_accuracy_baseline": 100.0,
    "ident_avg_margin_baseline": 0.06284979177730861,
    "gen_accuracy_baseline": 56.25,
    "gen_avg_margin_baseline": 0.007466354142619142,
    "gen_avg_retrieved_human_similarity_baseline": 0.7073750000000001,
    "gen_avg_human_similarity_regret_baseline": 0.14875,
    "gen_same_concept_accuracy_baseline": NaN,
    "human_rdm_spearman_baseline": 0.10526401895764113,
    "exact_accuracy_dam": 100.0,
    "clean_reextract_accuracy_dam": 100.0,
    "exact_avg_target_sim_dam": 0.9927359812862381,
    "clean_reextract_avg_target_sim_dam": 0.9927141207868214,
    "ident_accuracy_dam": 100.0,
    "ident_avg_target_sim_dam": 0.9600075863281404,
    "ident_avg_margin_dam": 0.5385008634300898,
    "gen_accuracy_dam": 68.75,
    "gen_avg_target_sim_dam": 0.4314973457900507,
    "gen_avg_margin_dam": 0.12379144529563586,
    "gen_avg_retrieved_human_similarity_dam": 0.7779999999999999,
    "gen_avg_human_similarity_regret_dam": 0.078125,
    "gen_same_concept_accuracy_dam": 100.0,
    "probe_rdm_spearman_pre": 0.08952665405488827,
    "probe_rdm_spearman_post": 0.2407188630099248,
    "probe_rdm_spearman_delta": 0.15119220895503652,
    "gen_winners_dam": [
      39,
      21,
      32,
      26,
      29,
      9,
      36,
      19,
      13,
      25,
      12,
      19,
      4,
      13,
      14,
      18,
      32,
      24,
      23,
      19,
      12,
      18,
      3,
      18,
      7,
      13,
      18,
      3,
      10,
      31,
      16,
      24,
      12,
      3,
      24,
      39,
      38,
      19,
      20,
      38,
      8,
      36,
      3,
      7,
      38,
      19,
      9,
      21,
      29,
      19,
      31,
      10,
      22,
      12,
      31,
      16,
      15,
      3,
      6,
      32,
      4,
      23,
      24,
      7,
      4,
      2,
      19,
      13,
      38,
      8,
      38,
      16,
      14,
      9,
      38,
      11,
      10,
      21,
      3,
      12
    ],
    "ident_accuracy_delta": 0.0,
    "gen_accuracy_delta": 12.5,
    "gen_avg_margin_delta": 0.11632509115301672,
    "gen_avg_human_similarity_regret_delta": -0.070625,
    "qualifying_win": true,
    "dam_stage": "A",
    "dam_n": 2,
    "dam_beta": 0.05,
    "dam_alpha": 0.1,
    "dam_lmbda": 0.0,
    "dam_steps_multiplier": 2
  },
  "best_alignment_preserving_gain": {
    "category": "animals",
    "split_label": "stored_40_seed_3",
    "split_seed": 3,
    "split_mode": "random_storage_curve",
    "model_name": "vit_base_patch16_224",
    "pooling": "cls",
    "layer": "layer_11",
    "anchor_kind": "retrieval",
    "n_stored": 40,
    "n_probe": 80,
    "chance_accuracy": 2.5,
    "ident_accuracy_baseline": 100.0,
    "ident_avg_margin_baseline": 0.06284979177730861,
    "gen_accuracy_baseline": 56.25,
    "gen_avg_margin_baseline": 0.007466354142619142,
    "gen_avg_retrieved_human_similarity_baseline": 0.7073750000000001,
    "gen_avg_human_similarity_regret_baseline": 0.14875,
    "gen_same_concept_accuracy_baseline": NaN,
    "human_rdm_spearman_baseline": 0.10526401895764113,
    "exact_accuracy_dam": 100.0,
    "clean_reextract_accuracy_dam": 100.0,
    "exact_avg_target_sim_dam": 0.9927359812862381,
    "clean_reextract_avg_target_sim_dam": 0.9927141207868214,
    "ident_accuracy_dam": 100.0,
    "ident_avg_target_sim_dam": 0.9600075863281404,
    "ident_avg_margin_dam": 0.5385008634300898,
    "gen_accuracy_dam": 68.75,
    "gen_avg_target_sim_dam": 0.4314973457900507,
    "gen_avg_margin_dam": 0.12379144529563586,
    "gen_avg_retrieved_human_similarity_dam": 0.7779999999999999,
    "gen_avg_human_similarity_regret_dam": 0.078125,
    "gen_same_concept_accuracy_dam": 100.0,
    "probe_rdm_spearman_pre": 0.08952665405488827,
    "probe_rdm_spearman_post": 0.2407188630099248,
    "probe_rdm_spearman_delta": 0.15119220895503652,
    "gen_winners_dam": [
      39,
      21,
      32,
      26,
      29,
      9,
      36,
      19,
      13,
      25,
      12,
      19,
      4,
      13,
      14,
      18,
      32,
      24,
      23,
      19,
      12,
      18,
      3,
      18,
      7,
      13,
      18,
      3,
      10,
      31,
      16,
      24,
      12,
      3,
      24,
      39,
      38,
      19,
      20,
      38,
      8,
      36,
      3,
      7,
      38,
      19,
      9,
      21,
      29,
      19,
      31,
      10,
      22,
      12,
      31,
      16,
      15,
      3,
      6,
      32,
      4,
      23,
      24,
      7,
      4,
      2,
      19,
      13,
      38,
      8,
      38,
      16,
      14,
      9,
      38,
      11,
      10,
      21,
      3,
      12
    ],
    "ident_accuracy_delta": 0.0,
    "gen_accuracy_delta": 12.5,
    "gen_avg_margin_delta": 0.11632509115301672,
    "gen_avg_human_similarity_regret_delta": -0.070625,
    "qualifying_win": true,
    "dam_stage": "A",
    "dam_n": 2,
    "dam_beta": 0.05,
    "dam_alpha": 0.1,
    "dam_lmbda": 0.0,
    "dam_steps_multiplier": 2
  },
  "best_qualifying_win": {
    "category": "animals",
    "split_label": "stored_40_seed_3",
    "split_seed": 3,
    "split_mode": "random_storage_curve",
    "model_name": "vit_base_patch16_224",
    "pooling": "cls",
    "layer": "layer_11",
    "anchor_kind": "retrieval",
    "n_stored": 40,
    "n_probe": 80,
    "chance_accuracy": 2.5,
    "ident_accuracy_baseline": 100.0,
    "ident_avg_margin_baseline": 0.06284979177730861,
    "gen_accuracy_baseline": 56.25,
    "gen_avg_margin_baseline": 0.007466354142619142,
    "gen_avg_retrieved_human_similarity_baseline": 0.7073750000000001,
    "gen_avg_human_similarity_regret_baseline": 0.14875,
    "gen_same_concept_accuracy_baseline": NaN,
    "human_rdm_spearman_baseline": 0.10526401895764113,
    "exact_accuracy_dam": 100.0,
    "clean_reextract_accuracy_dam": 100.0,
    "exact_avg_target_sim_dam": 0.9927359812862381,
    "clean_reextract_avg_target_sim_dam": 0.9927141207868214,
    "ident_accuracy_dam": 100.0,
    "ident_avg_target_sim_dam": 0.9600075863281404,
    "ident_avg_margin_dam": 0.5385008634300898,
    "gen_accuracy_dam": 68.75,
    "gen_avg_target_sim_dam": 0.4314973457900507,
    "gen_avg_margin_dam": 0.12379144529563586,
    "gen_avg_retrieved_human_similarity_dam": 0.7779999999999999,
    "gen_avg_human_similarity_regret_dam": 0.078125,
    "gen_same_concept_accuracy_dam": 100.0,
    "probe_rdm_spearman_pre": 0.08952665405488827,
    "probe_rdm_spearman_post": 0.2407188630099248,
    "probe_rdm_spearman_delta": 0.15119220895503652,
    "gen_winners_dam": [
      39,
      21,
      32,
      26,
      29,
      9,
      36,
      19,
      13,
      25,
      12,
      19,
      4,
      13,
      14,
      18,
      32,
      24,
      23,
      19,
      12,
      18,
      3,
      18,
      7,
      13,
      18,
      3,
      10,
      31,
      16,
      24,
      12,
      3,
      24,
      39,
      38,
      19,
      20,
      38,
      8,
      36,
      3,
      7,
      38,
      19,
      9,
      21,
      29,
      19,
      31,
      10,
      22,
      12,
      31,
      16,
      15,
      3,
      6,
      32,
      4,
      23,
      24,
      7,
      4,
      2,
      19,
      13,
      38,
      8,
      38,
      16,
      14,
      9,
      38,
      11,
      10,
      21,
      3,
      12
    ],