{
  "category": "vegetables",
  "models": [
    "vit_base_patch16_224::cls",
    "vit_base_patch16_224::mean_tokens",
    "vit_base_patch16_clip_224.openai::cls",
    "vit_base_patch16_clip_224.openai::mean_tokens"
  ],
  "n_rows": 864,
  "sanity_all_pass": false,
  "n_qualifying_wins": 8,
  "best_retrieval_gain": {
    "category": "vegetables",
    "split_label": "fold_2",
    "split_seed": 2,
    "split_mode": "balanced_exemplar_folds",
    "model_name": "vit_base_patch16_224",
    "pooling": "mean_tokens",
    "layer": "layer_6",
    "anchor_kind": "alignment",
    "n_stored": 78,
    "n_probe": 39,
    "chance_accuracy": 1.2820512820512822,
    "ident_accuracy_baseline": 100.0,
    "ident_avg_margin_baseline": 0.16444022996178517,
    "gen_accuracy_baseline": 17.94871794871795,
    "gen_avg_margin_baseline": -0.04588698263029746,
    "gen_avg_retrieved_human_similarity_baseline": 0.4982051282051282,
    "gen_avg_human_similarity_regret_baseline": 0.3241025641025641,
    "gen_same_concept_accuracy_baseline": 33.33333333333333,
    "human_rdm_spearman_baseline": 0.46154232330192874,
    "exact_accuracy_dam": 100.0,
    "clean_reextract_accuracy_dam": 100.0,
    "exact_avg_target_sim_dam": 0.9942522343896195,
    "clean_reextract_avg_target_sim_dam": 0.9942189954457282,
    "ident_accuracy_dam": 100.0,
    "ident_avg_target_sim_dam": 0.9759828161280462,
    "ident_avg_margin_dam": 0.48876579543534915,
    "gen_accuracy_dam": 30.76923076923077,
    "gen_avg_target_sim_dam": 0.3515921408844575,
    "gen_avg_margin_dam": -0.12259973062238498,
    "gen_avg_retrieved_human_similarity_dam": 0.5861538461538461,
    "gen_avg_human_similarity_regret_dam": 0.23615384615384613,
    "gen_same_concept_accuracy_dam": 51.28205128205128,
    "probe_rdm_spearman_pre": 0.4112057122846075,
    "probe_rdm_spearman_post": 0.502819569476246,
    "probe_rdm_spearman_delta": 0.09161385719163845,
    "gen_winners_dam": [
      63,
      2,
      45,
      66,
      8,
      10,
      12,
      15,
      16,
      19,
      21,
      41,
      25,
      26,
      28,
      31,
      26,
      45,
      37,
      38,
      50,
      67,
      14,
      46,
      45,
      8,
      64,
      54,
      57,
      58,
      18,
      61,
      56,
      37,
      29,
      38,
      72,
      50,
      76
    ],
    "ident_accuracy_delta": 0.0,
    "gen_accuracy_delta": 12.820512820512821,
    "gen_avg_margin_delta": -0.07671274799208752,
    "gen_avg_human_similarity_regret_delta": -0.08794871794871797,
    "qualifying_win": false,
    "dam_stage": "A",
    "dam_n": 2,
    "dam_beta": 0.1,
    "dam_alpha": 0.1,
    "dam_lmbda": 0.0,
    "dam_steps_multiplier": 2
  },
  "best_alignment_preserving_gain": {
    "category": "vegetables",
    "split_label": "fold_2",
    "split_seed": 2,
    "split_mode": "balanced_exemplar_folds",
    "model_name": "vit_base_patch16_224",
    "pooling": "mean_tokens",
    "layer": "layer_6",
    "anchor_kind": "alignment",
    "n_stored": 78,
    "n_probe": 39,
    "chance_accuracy": 1.2820512820512822,
    "ident_accuracy_baseline": 100.0,
    "ident_avg_margin_baseline": 0.16444022996178517,
    "gen_accuracy_baseline": 17.94871794871795,
    "gen_avg_margin_baseline": -0.04588698263029746,
    "gen_avg_retrieved_human_similarity_baseline": 0.4982051282051282,
    "gen_avg_human_similarity_regret_baseline": 0.3241025641025641,
    "gen_same_concept_accuracy_baseline": 33.33333333333333,
    "human_rdm_spearman_baseline": 0.46154232330192874,
    "exact_accuracy_dam": 100.0,
    "clean_reextract_accuracy_dam": 100.0,
    "exact_avg_target_sim_dam": 0.9942522343896195,
    "clean_reextract_avg_target_sim_dam": 0.9942189954457282,
    "ident_accuracy_dam": 100.0,
    "ident_avg_target_sim_dam": 0.9759828161280462,
    "ident_avg_margin_dam": 0.48876579543534915,
    "gen_accuracy_dam": 30.76923076923077,
    "gen_avg_target_sim_dam": 0.3515921408844575,
    "gen_avg_margin_dam": -0.12259973062238498,
    "gen_avg_retrieved_human_similarity_dam": 0.5861538461538461,
    "gen_avg_human_similarity_regret_dam": 0.23615384615384613,
    "gen_same_concept_accuracy_dam": 51.28205128205128,
    "probe_rdm_spearman_pre": 0.4112057122846075,
    "probe_rdm_spearman_post": 0.502819569476246,
    "probe_rdm_spearman_delta": 0.09161385719163845,
    "gen_winners_dam": [
      63,
      2,
      45,
      66,
      8,
      10,
      12,
      15,
      16,
      19,
      21,
      41,
      25,
      26,
      28,
      31,
      26,
      45,
      37,
      38,
      50,
      67,
      14,
      46,
      45,
      8,
      64,
      54,
      57,
      58,
      18,
      61,
      56,
      37,
      29,
      38,
      72,
      50,
      76
    ],
    "ident_accuracy_delta": 0.0,
    "gen_accuracy_delta": 12.820512820512821,
    "gen_avg_margin_delta": -0.07671274799208752,
    "gen_avg_human_similarity_regret_delta": -0.08794871794871797,
    "qualifying_win": false,
    "dam_stage": "A",
    "dam_n": 2,
    "dam_beta": 0.1,
    "dam_alpha": 0.1,
    "dam_lmbda": 0.0,
    "dam_steps_multiplier": 2
  },
  "best_qualifying_win": {
    "category": "vegetables",
    "split_label": "fold_2",
    "split_seed": 2,
    "split_mode": "balanced_exemplar_folds",
    "model_name": "vit_base_patch16_224",
    "pooling": "cls",
    "layer": "layer_11",
    "anchor_kind": "retrieval",
    "n_stored": 78,
    "n_probe": 39,
    "chance_accuracy": 1.2820512820512822,
    "ident_accuracy_baseline": 100.0,
    "ident_avg_margin_baseline": 0.056849945932699125,
    "gen_accuracy_baseline": 53.84615384615385,
    "gen_avg_margin_baseline": -0.003939512681418282,
    "gen_avg_retrieved_human_similarity_baseline": 0.7235897435897435,
    "gen_avg_human_similarity_regret_baseline": 0.0987179487179487,
    "gen_same_concept_accuracy_baseline": 74.35897435897436,
    "human_rdm_spearman_baseline": 0.30382727361018574,
    "exact_accuracy_dam": 100.0,
    "clean_reextract_accuracy_dam": 100.0,
    "exact_avg_target_sim_dam": 0.999320400801046,
    "clean_reextract_avg_target_sim_dam": 0.999333216565766,
    "ident_accuracy_dam": 100.0,
    "ident_avg_target_sim_dam": 0.9815947576466558,
    "ident_avg_margin_dam": 0.3644339318631801,
    "gen_accuracy_dam": 56.41025641025641,
    "gen_avg_target_sim_dam": 0.6081600629554399,
    "gen_avg_margin_dam": 0.0009466515764352357,
    "gen_avg_retrieved_human_similarity_dam": 0.7407692307692307,
    "gen_avg_human_similarity_regret_dam": 0.08153846153846153,
    "gen_same_concept_accuracy_dam": 87.17948717948718,
    "probe_rdm_spearman_pre": 0.2510762891145678,
    "probe_rdm_spearman_post": 0.3871959903430548,
    "probe_rdm_spearman_delta": 0.136119701228487,
    "gen_winners_dam": [
      1,
      3,
      45,
      6,
      8,
      10,
      12,
      15,
      16,
      19,
      4,
      23,
      25,
      26,
      11,
      31,
      32,
      34,
      37,
      39,
      41,
      43,
      44,
      46,
      48,
      8,
      75,
      54,
      57,
      58,
      60,
      63,
      65,
      66,
      69,
      70,
      73,
      75,
      76
    ],
    "ident_accuracy_delta": 0.0,
    "gen_accuracy_delta": 2.564102564102562,
    "gen_avg_margin_delta": 0.004886164257853518,
    "gen_avg_human_similarity_regret_delta": -0.01717948717948717,
    "qualifying_win": true,
    "dam_stage": "A",
    "dam_n": 4,
    "dam_beta": 0.05,
    "dam_alpha": 0.05,
    "dam_lmbda": 0.0,
    "dam_steps_multiplier": 1
  }
}