{
  "scale_factors": [
    1.0,
    1.1047619047619048,
    1.2095238095238094,
    1.3142857142857143,
    1.4190476190476191,
    1.5238095238095237,
    1.6285714285714286,
    1.7333333333333334,
    1.8380952380952382,
    1.9428571428571428,
    2.0476190476190474,
    2.1523809523809527,
    2.257142857142857,
    2.361904761904762,
    2.466666666666667,
    2.571428571428571,
    2.6761904761904765,
    2.780952380952381,
    2.8857142857142857,
    2.9904761904761905,
    3.0952380952380953,
    3.2
  ],
  "n_values": [
    2,
    3,
    4,
    5,
    6
  ],
  "k_values": [
    5,
    10,
    20,
    30
  ],
  "num_trials": 3,
  "quick_mode": false
}
