{
  "n_rows": 1248,
  "n_qualifying_hard_ident_wins": 608,
  "best_by_branch": {
    "animals::dnoise0": {
      "category": "animals",
      "model_name": "vit_base_patch16_224",
      "pooling": "cls",
      "layer": "layer_11",
      "split_label": "stored_40_seed_3",
      "split_seed": 3,
      "split_mode": "random_storage_curve",
      "n_stored": 40,
      "n_probe": 80,
      "chance_accuracy": 2.5,
      "corruption_mode": "occlusion",
      "occlusion_frac": 0.5,
      "decision_noise_std": 0.0,
      "corruption_label": "occ0.5_dnoise0",
      "ident_accuracy_baseline": 92.5,
      "ident_avg_margin_baseline": 0.02515213340520859,
      "gen_accuracy_baseline": 56.25,
      "gen_avg_margin_baseline": 0.0074663512408733364,
      "gen_avg_retrieved_human_similarity_baseline": 0.7073750000000001,
      "gen_avg_human_similarity_regret_baseline": 0.14875,
      "gen_same_concept_accuracy_baseline": 100.0,
      "human_rdm_spearman_baseline": 0.10526453273126307,
      "exact_accuracy_dam": 100.0,
      "clean_reextract_accuracy_dam": 100.0,
      "exact_avg_target_sim_dam": 0.9991759955883026,
      "clean_reextract_avg_target_sim_dam": 0.9991618126630784,
      "ident_accuracy_dam": 97.5,
      "ident_avg_target_sim_dam": 0.49349483139812944,
      "ident_avg_margin_dam": 0.24178628474473954,
      "gen_accuracy_dam": 68.75,
      "gen_avg_target_sim_dam": 0.43938375139259733,
      "gen_avg_margin_dam": 0.12517718100571074,
      "gen_avg_retrieved_human_similarity_dam": 0.77325,
      "gen_avg_human_similarity_regret_dam": 0.082875,
      "gen_same_concept_accuracy_dam": 100.0,
      "probe_rdm_spearman_pre": 0.08952665405488827,
      "probe_rdm_spearman_post": 0.24193611482494146,
      "probe_rdm_spearman_delta": 0.15240946077005318,
      "gen_winners_dam": [
        39,
        21,
        32,
        26,
        29,
        9,
        36,
        19,
        13,
        25,
        12,
        19,
        4,
        13,
        14,
        18,
        32,
        24,
        23,
        19,
        12,
        18,
        3,
        18,
        7,
        13,
        18,
        3,
        10,
        31,
        16,
        24,
        12,
        3,
        24,
        39,
        38,
        19,
        20,
        38,
        8,
        36,
        23,
        7,
        38,
        19,
        9,
        21,
        29,
        19,
        31,
        10,
        22,
        12,
        31,
        16,
        15,
        3,
        6,
        32,
        18,
        23,
        24,
        7,
        4,
        2,
        19,
        13,
        3,
        8,
        38,
        16,
        14,
        9,
        38,
        11,
        10,
        21,
        8,
        12
      ],
      "ident_accuracy_delta": 5.0,
      "gen_accuracy_delta": 12.5,
      "gen_avg_margin_delta": 0.1177108297648374,
      "gen_avg_human_similarity_regret_delta": -0.06587499999999999,
      "qualifying_hard_ident_win": true,
      "dam_n": 2,
      "dam_beta": 0.2,
      "dam_alpha": 0.05,
      "dam_lmbda": 0.0,
      "dam_steps_multiplier": 2
    },
    "animals::dnoise0.01": {
      "category": "animals",
      "model_name": "vit_base_patch16_224",
      "pooling": "cls",
      "layer": "layer_11",
      "split_label": "stored_40_seed_3",
      "split_seed": 3,
      "split_mode": "random_storage_curve",
      "n_stored": 40,
      "n_probe": 80,
      "chance_accuracy": 2.5,
      "corruption_mode": "occlusion",
      "occlusion_frac": 0.5,
      "decision_noise_std": 0.01,
      "corruption_label": "occ0.5_dnoise0.01",
      "ident_accuracy_baseline": 85.0,
      "ident_avg_margin_baseline": 0.02515213340520859,
      "gen_accuracy_baseline": 47.5,
      "gen_avg_margin_baseline": 0.0074663512408733364,
      "gen_avg_retrieved_human_similarity_baseline": 0.68375,
      "gen_avg_human_similarity_regret_baseline": 0.172375,
      "gen_same_concept_accuracy_baseline": 100.0,
      "human_rdm_spearman_baseline": 0.10526453273126307,
      "exact_accuracy_dam": 100.0,
      "clean_reextract_accuracy_dam": 100.0,
      "exact_avg_target_sim_dam": 0.9980721354484559,
      "clean_reextract_avg_target_sim_dam": 0.9981481537222863,
      "ident_accuracy_dam": 97.5,
      "ident_avg_target_sim_dam": 0.48632867708802224,
      "ident_avg_margin_dam": 0.2422345930710435,
      "gen_accuracy_dam": 65.0,
      "gen_avg_target_sim_dam": 0.4393257919771713,
      "gen_avg_margin_dam": 0.12816526806709588,
      "gen_avg_retrieved_human_similarity_dam": 0.7725,
      "gen_avg_human_similarity_regret_dam": 0.08362499999999999,
      "gen_same_concept_accuracy_dam": 100.0,
      "probe_rdm_spearman_pre": 0.08952665405488827,
      "probe_rdm_spearman_post": 0.23887371377716088,
      "probe_rdm_spearman_delta": 0.1493470597222726,
      "gen_winners_dam": [
        39,
        21,
        32,
        26,
        29,
        9,
        36,
        19,
        13,
        25,
        12,
        19,
        4,
        13,
        14,
        18,
        32,
        24,
        23,
        19,
        12,
        18,
        3,
        18,
        7,
        13,
        18,
        3,
        10,
        31,
        16,
        24,
        12,
        3,
        24,
        39,
        38,
        19,
        20,
        38,
        8,
        36,
        23,
        7,
        38,
        19,
        9,
        21,
        29,
        19,
        31,
        10,
        22,
        12,
        21,
        16,
        15,
        3,
        6,
        32,
        18,
        23,
        24,
        7,
        4,
        2,
        19,
        13,
        3,
        8,
        38,
        16,
        14,
        9,
        38,
        11,
        10,
        21,
        8,
        12
      ],
      "ident_accuracy_delta": 12.5,
      "gen_accuracy_delta": 17.5,
      "gen_avg_margin_delta": 0.12069891682622255,
      "gen_avg_human_similarity_regret_delta": -0.08875000000000001,
      "qualifying_hard_ident_win": true,
      "dam_n": 4,
      "dam_beta": 0.2,
      "dam_alpha": 0.1,
      "dam_lmbda": 0.0,
      "dam_steps_multiplier": 2
    },
    "fruits::dnoise0": {
      "category": "fruits",
      "model_name": "vit_base_patch16_224",
      "pooling": "cls",
      "layer": "layer_11",
      "split_label": "fold_2",
      "split_seed": 2,
      "split_mode": "balanced_exemplar_folds",
      "n_stored": 80,
      "n_probe": 40,
      "chance_accuracy": 1.25,
      "corruption_mode": "occlusion",
      "occlusion_frac": 0.5,
      "decision_noise_std": 0.0,
      "corruption_label": "occ0.5_dnoise0",
      "ident_accuracy_baseline": 80.0,
      "ident_avg_margin_baseline": 0.010587354004383088,
      "gen_accuracy_baseline": 47.5,
      "gen_avg_margin_baseline": -0.008145977556705476,
      "gen_avg_retrieved_human_similarity_baseline": 0.72425,
      "gen_avg_human_similarity_regret_baseline": 0.090555555,
      "gen_same_concept_accuracy_baseline": 87.5,
      "human_rdm_spearman_baseline": 0.2637855706754182,
      "exact_accuracy_dam": 100.0,
      "clean_reextract_accuracy_dam": 100.0,
      "exact_avg_target_sim_dam": 0.999305784702301,
      "clean_reextract_avg_target_sim_dam": 0.9992862500250339,
      "ident_accuracy_dam": 97.5,
      "ident_avg_target_sim_dam": 0.5387282550334931,
      "ident_avg_margin_dam": 0.15887472713366152,
      "gen_accuracy_dam": 52.5,
      "gen_avg_target_sim_dam": 0.5383413380943238,
      "gen_avg_margin_dam": -0.023013724479824305,
      "gen_avg_retrieved_human_similarity_dam": 0.7368055549999999,
      "gen_avg_human_similarity_regret_dam": 0.078,
      "gen_same_concept_accuracy_dam": 90.0,
      "probe_rdm_spearman_pre": 0.3605941251068103,
      "probe_rdm_spearman_post": 0.3758706766979306,
      "probe_rdm_spearman_delta": 0.015276551591120291,